"INDIC_SB";"NACE_R2";"GEO";"FREQ";"obsTime";"obsValue";"OBS_FLAG";"OBS_STATUS"
"V11210";"B";"AT32";"A";"2013";57;NA;NA
"V11210";"B";"AT32";"A";"2012";57;NA;NA
"V11210";"B";"AT32";"A";"2011";65;NA;NA
"V11210";"B";"AT32";"A";"2010";66;NA;NA
"V11210";"B";"AT32";"A";"2009";61;NA;NA
"V11210";"B";"AT32";"A";"2008";60;NA;NA
"V11210";"B";"AT33";"A";"2013";74;NA;NA
"V11210";"B";"AT33";"A";"2012";69;NA;NA
"V11210";"B";"AT33";"A";"2011";66;NA;NA
"V11210";"B";"AT33";"A";"2010";66;NA;NA
"V11210";"B";"AT33";"A";"2009";64;NA;NA
"V11210";"B";"AT33";"A";"2008";64;NA;NA
"V11210";"B";"AT34";"A";"2013";21;NA;NA
"V11210";"B";"AT34";"A";"2012";21;NA;NA
"V11210";"B";"AT34";"A";"2011";22;NA;NA
"V11210";"B";"AT34";"A";"2010";24;NA;NA
"V11210";"B";"AT34";"A";"2009";22;NA;NA
"V11210";"B";"AT34";"A";"2008";23;NA;NA
"V11210";"B";"DE2";"A";"2013";493;NA;NA
"V11210";"B";"DE2";"A";"2012";510;NA;NA
"V11210";"B";"DE2";"A";"2011";513;NA;NA
"V11210";"B";"DE2";"A";"2010";584;NA;NA
"V11210";"B";"DE2";"A";"2009";212;"d";NA
"V11210";"B";"DE2";"A";"2008";213;"d";NA
"V11210";"B";"IT";"A";"2013";2367;NA;NA
"V11210";"B";"IT";"A";"2012";2487;NA;NA
"V11210";"B";"IT";"A";"2011";3732;NA;NA
"V11210";"B";"IT";"A";"2010";3538;NA;NA
"V11210";"B";"IT";"A";"2009";3627;NA;NA
"V11210";"B";"IT";"A";"2008";4115;NA;NA
"V11210";"B";"ITC4";"A";"2013";314;NA;NA
"V11210";"B";"ITC4";"A";"2012";322;NA;NA
"V11210";"B";"ITC4";"A";"2011";543;NA;NA
"V11210";"B";"ITC4";"A";"2010";579;NA;NA
"V11210";"B";"ITC4";"A";"2009";567;NA;NA
"V11210";"B";"ITC4";"A";"2008";744;NA;NA
"V11210";"B";"ITH";"A";"2013";447;NA;NA
"V11210";"B";"ITH";"A";"2012";462;NA;NA
"V11210";"B";"ITH";"A";"2011";790;NA;NA
"V11210";"B";"ITH";"A";"2010";NA;NA;"na"
"V11210";"B";"ITH";"A";"2009";NA;NA;"na"
"V11210";"B";"ITH";"A";"2008";NA;NA;"na"
"V11210";"B";"ITH1";"A";"2013";35;NA;NA
"V11210";"B";"ITH1";"A";"2012";34;NA;NA
"V11210";"B";"ITH1";"A";"2011";32;NA;NA
"V11210";"B";"ITH1";"A";"2010";NA;NA;"na"
"V11210";"B";"ITH1";"A";"2009";NA;NA;"na"
"V11210";"B";"ITH1";"A";"2008";NA;NA;"na"
"V11210";"B";"ITH2";"A";"2013";66;NA;NA
"V11210";"B";"ITH2";"A";"2012";76;NA;NA
"V11210";"B";"ITH2";"A";"2011";157;NA;NA
"V11210";"B";"ITH2";"A";"2010";NA;NA;"na"
"V11210";"B";"ITH2";"A";"2009";NA;NA;"na"
"V11210";"B";"ITH2";"A";"2008";NA;NA;"na"
"V11210";"B";"ITH3";"A";"2013";182;NA;NA
"V11210";"B";"ITH3";"A";"2012";181;NA;NA
"V11210";"B";"ITH3";"A";"2011";288;NA;NA
"V11210";"B";"ITH3";"A";"2010";NA;NA;"na"
"V11210";"B";"ITH3";"A";"2009";NA;NA;"na"
"V11210";"B";"ITH3";"A";"2008";NA;NA;"na"
"V11210";"C";"AT32";"A";"2013";2583;NA;NA
"V11210";"C";"AT32";"A";"2012";2514;NA;NA
"V11210";"C";"AT32";"A";"2011";2476;NA;NA
"V11210";"C";"AT32";"A";"2010";2470;NA;NA
"V11210";"C";"AT32";"A";"2009";2455;NA;NA
"V11210";"C";"AT32";"A";"2008";2501;NA;NA
"V11210";"C";"AT33";"A";"2013";3143;NA;NA
"V11210";"C";"AT33";"A";"2012";3090;NA;NA
"V11210";"C";"AT33";"A";"2011";3010;NA;NA
"V11210";"C";"AT33";"A";"2010";2989;NA;NA
"V11210";"C";"AT33";"A";"2009";2987;NA;NA
"V11210";"C";"AT33";"A";"2008";3041;NA;NA
"V11210";"C";"AT34";"A";"2013";2102;NA;NA
"V11210";"C";"AT34";"A";"2012";2048;NA;NA
"V11210";"C";"AT34";"A";"2011";2035;NA;NA
"V11210";"C";"AT34";"A";"2010";2051;NA;NA
"V11210";"C";"AT34";"A";"2009";2076;NA;NA
"V11210";"C";"AT34";"A";"2008";2129;NA;NA
"V11210";"C";"DE2";"A";"2013";35517;NA;NA
"V11210";"C";"DE2";"A";"2012";36010;NA;NA
"V11210";"C";"DE2";"A";"2011";36716;NA;NA
"V11210";"C";"DE2";"A";"2010";38171;NA;NA
"V11210";"C";"DE2";"A";"2009";7086;"d";NA
"V11210";"C";"DE2";"A";"2008";7028;"d";NA
"V11210";"C";"IT";"A";"2013";410286;NA;NA
"V11210";"C";"IT";"A";"2012";420320;NA;NA
"V11210";"C";"IT";"A";"2011";491567;NA;NA
"V11210";"C";"IT";"A";"2010";489076;NA;NA
"V11210";"C";"IT";"A";"2009";499956;NA;NA
"V11210";"C";"IT";"A";"2008";536636;NA;NA
"V11210";"C";"ITC4";"A";"2013";81858;NA;NA
"V11210";"C";"ITC4";"A";"2012";83939;NA;NA
"V11210";"C";"ITC4";"A";"2011";100002;NA;NA
"V11210";"C";"ITC4";"A";"2010";101861;NA;NA
"V11210";"C";"ITC4";"A";"2009";103101;NA;NA
"V11210";"C";"ITC4";"A";"2008";122659;NA;NA
"V11210";"C";"ITH";"A";"2013";99258;NA;NA
"V11210";"C";"ITH";"A";"2012";101882;NA;NA
"V11210";"C";"ITH";"A";"2011";118845;NA;NA
"V11210";"C";"ITH";"A";"2010";NA;NA;"na"
"V11210";"C";"ITH";"A";"2009";NA;NA;"na"
"V11210";"C";"ITH";"A";"2008";NA;NA;"na"
"V11210";"C";"ITH1";"A";"2013";3078;NA;NA
"V11210";"C";"ITH1";"A";"2012";3099;NA;NA
"V11210";"C";"ITH1";"A";"2011";3524;NA;NA
"V11210";"C";"ITH1";"A";"2010";NA;NA;"na"
"V11210";"C";"ITH1";"A";"2009";NA;NA;"na"
"V11210";"C";"ITH1";"A";"2008";NA;NA;"na"
"V11210";"C";"ITH2";"A";"2013";3249;NA;NA
"V11210";"C";"ITH2";"A";"2012";3321;NA;NA
"V11210";"C";"ITH2";"A";"2011";3905;NA;NA
"V11210";"C";"ITH2";"A";"2010";NA;NA;"na"
"V11210";"C";"ITH2";"A";"2009";NA;NA;"na"
"V11210";"C";"ITH2";"A";"2008";NA;NA;"na"
"V11210";"C";"ITH3";"A";"2013";46208;NA;NA
"V11210";"C";"ITH3";"A";"2012";47411;NA;NA
"V11210";"C";"ITH3";"A";"2011";55861;NA;NA
"V11210";"C";"ITH3";"A";"2010";NA;NA;"na"
"V11210";"C";"ITH3";"A";"2009";NA;NA;"na"
"V11210";"C";"ITH3";"A";"2008";NA;NA;"na"
"V11210";"D";"AT32";"A";"2013";291;NA;NA
"V11210";"D";"AT32";"A";"2012";273;NA;NA
"V11210";"D";"AT32";"A";"2011";257;NA;NA
"V11210";"D";"AT32";"A";"2010";266;NA;NA
"V11210";"D";"AT32";"A";"2009";243;NA;NA
"V11210";"D";"AT32";"A";"2008";202;NA;NA
"V11210";"D";"AT33";"A";"2013";372;NA;NA
"V11210";"D";"AT33";"A";"2012";352;NA;NA
"V11210";"D";"AT33";"A";"2011";339;NA;NA
"V11210";"D";"AT33";"A";"2010";340;NA;NA
"V11210";"D";"AT33";"A";"2009";321;NA;NA
"V11210";"D";"AT33";"A";"2008";308;NA;NA
"V11210";"D";"AT34";"A";"2013";182;NA;NA
"V11210";"D";"AT34";"A";"2012";192;NA;NA
"V11210";"D";"AT34";"A";"2011";162;NA;NA
"V11210";"D";"AT34";"A";"2010";167;NA;NA
"V11210";"D";"AT34";"A";"2009";92;NA;NA
"V11210";"D";"AT34";"A";"2008";91;NA;NA
"V11210";"D";"DE2";"A";"2013";428;NA;NA
"V11210";"D";"DE2";"A";"2012";387;NA;NA
"V11210";"D";"DE2";"A";"2011";369;NA;NA
"V11210";"D";"DE2";"A";"2010";369;NA;NA
"V11210";"D";"DE2";"A";"2009";346;NA;NA
"V11210";"D";"DE2";"A";"2008";322;NA;NA
"V11210";"D";"IT";"A";"2013";10438;NA;NA
"V11210";"D";"IT";"A";"2012";9218;NA;NA
"V11210";"D";"IT";"A";"2011";9291;NA;NA
"V11210";"D";"IT";"A";"2010";6658;NA;NA
"V11210";"D";"IT";"A";"2009";6421;NA;NA
"V11210";"D";"IT";"A";"2008";3992;NA;NA
"V11210";"D";"ITC4";"A";"2013";1891;NA;NA
"V11210";"D";"ITC4";"A";"2012";1710;NA;NA
"V11210";"D";"ITC4";"A";"2011";1624;NA;NA
"V11210";"D";"ITC4";"A";"2010";1963;NA;NA
"V11210";"D";"ITC4";"A";"2009";1616;NA;NA
"V11210";"D";"ITC4";"A";"2008";897;NA;NA
"V11210";"D";"ITH";"A";"2013";2945;NA;NA
"V11210";"D";"ITH";"A";"2012";2531;NA;NA
"V11210";"D";"ITH";"A";"2011";2347;NA;NA
"V11210";"D";"ITH";"A";"2010";NA;NA;"na"
"V11210";"D";"ITH";"A";"2009";NA;NA;"na"
"V11210";"D";"ITH";"A";"2008";NA;NA;"na"
"V11210";"D";"ITH1";"A";"2013";961;NA;NA
"V11210";"D";"ITH1";"A";"2012";741;NA;NA
"V11210";"D";"ITH1";"A";"2011";664;NA;NA
"V11210";"D";"ITH1";"A";"2010";NA;NA;"na"
"V11210";"D";"ITH1";"A";"2009";NA;NA;"na"
"V11210";"D";"ITH1";"A";"2008";NA;NA;"na"
"V11210";"D";"ITH2";"A";"2013";151;NA;NA
"V11210";"D";"ITH2";"A";"2012";116;NA;NA
"V11210";"D";"ITH2";"A";"2011";109;NA;NA
"V11210";"D";"ITH2";"A";"2010";NA;NA;"na"
"V11210";"D";"ITH2";"A";"2009";NA;NA;"na"
"V11210";"D";"ITH2";"A";"2008";NA;NA;"na"
"V11210";"D";"ITH3";"A";"2013";779;NA;NA
"V11210";"D";"ITH3";"A";"2012";725;NA;NA
"V11210";"D";"ITH3";"A";"2011";653;NA;NA
"V11210";"D";"ITH3";"A";"2010";NA;NA;"na"
"V11210";"D";"ITH3";"A";"2009";NA;NA;"na"
"V11210";"D";"ITH3";"A";"2008";NA;NA;"na"
"V11210";"E";"AT32";"A";"2013";251;NA;NA
"V11210";"E";"AT32";"A";"2012";231;NA;NA
"V11210";"E";"AT32";"A";"2011";222;NA;NA
"V11210";"E";"AT32";"A";"2010";222;NA;NA
"V11210";"E";"AT32";"A";"2009";218;NA;NA
"V11210";"E";"AT32";"A";"2008";221;NA;NA
"V11210";"E";"AT33";"A";"2013";232;NA;NA
"V11210";"E";"AT33";"A";"2012";222;NA;NA
"V11210";"E";"AT33";"A";"2011";221;NA;NA
"V11210";"E";"AT33";"A";"2010";229;NA;NA
"V11210";"E";"AT33";"A";"2009";206;NA;NA
"V11210";"E";"AT33";"A";"2008";198;NA;NA
"V11210";"E";"AT34";"A";"2013";102;NA;NA
"V11210";"E";"AT34";"A";"2012";101;NA;NA
"V11210";"E";"AT34";"A";"2011";94;NA;NA
"V11210";"E";"AT34";"A";"2010";96;NA;NA
"V11210";"E";"AT34";"A";"2009";89;NA;NA
"V11210";"E";"AT34";"A";"2008";88;NA;NA
"V11210";"E";"DE2";"A";"2013";824;NA;NA
"V11210";"E";"DE2";"A";"2012";788;NA;NA
"V11210";"E";"DE2";"A";"2011";709;NA;NA
"V11210";"E";"DE2";"A";"2010";667;NA;NA
"V11210";"E";"DE2";"A";"2009";677;NA;NA
"V11210";"E";"DE2";"A";"2008";658;NA;NA
"V11210";"E";"IT";"A";"2013";9246;NA;NA
"V11210";"E";"IT";"A";"2012";9102;NA;NA
"V11210";"E";"IT";"A";"2011";11280;NA;NA
"V11210";"E";"IT";"A";"2010";11945;NA;NA
"V11210";"E";"IT";"A";"2009";17171;NA;NA
"V11210";"E";"IT";"A";"2008";10951;NA;NA
"V11210";"E";"ITC4";"A";"2013";1485;NA;NA
"V11210";"E";"ITC4";"A";"2012";1489;NA;NA
"V11210";"E";"ITC4";"A";"2011";1915;NA;NA
"V11210";"E";"ITC4";"A";"2010";2206;NA;NA
"V11210";"E";"ITC4";"A";"2009";2108;NA;NA
"V11210";"E";"ITC4";"A";"2008";1930;NA;NA
"V11210";"E";"ITH";"A";"2013";1605;NA;NA
"V11210";"E";"ITH";"A";"2012";1587;NA;NA
"V11210";"E";"ITH";"A";"2011";2211;NA;NA
"V11210";"E";"ITH";"A";"2010";NA;NA;"na"
"V11210";"E";"ITH";"A";"2009";NA;NA;"na"
"V11210";"E";"ITH";"A";"2008";NA;NA;"na"
"V11210";"E";"ITH1";"A";"2013";75;NA;NA
"V11210";"E";"ITH1";"A";"2012";80;NA;NA
"V11210";"E";"ITH1";"A";"2011";119;NA;NA
"V11210";"E";"ITH1";"A";"2010";NA;NA;"na"
"V11210";"E";"ITH1";"A";"2009";NA;NA;"na"
"V11210";"E";"ITH1";"A";"2008";NA;NA;"na"
"V11210";"E";"ITH2";"A";"2013";103;NA;NA
"V11210";"E";"ITH2";"A";"2012";103;NA;NA
"V11210";"E";"ITH2";"A";"2011";187;NA;NA
"V11210";"E";"ITH2";"A";"2010";NA;NA;"na"
"V11210";"E";"ITH2";"A";"2009";NA;NA;"na"
"V11210";"E";"ITH2";"A";"2008";NA;NA;"na"
"V11210";"E";"ITH3";"A";"2013";699;NA;NA
"V11210";"E";"ITH3";"A";"2012";691;NA;NA
"V11210";"E";"ITH3";"A";"2011";995;NA;NA
"V11210";"E";"ITH3";"A";"2010";NA;NA;"na"
"V11210";"E";"ITH3";"A";"2009";NA;NA;"na"
"V11210";"E";"ITH3";"A";"2008";NA;NA;"na"
"V11210";"F";"AT32";"A";"2013";2989;NA;NA
"V11210";"F";"AT32";"A";"2012";2836;NA;NA
"V11210";"F";"AT32";"A";"2011";2755;NA;NA
"V11210";"F";"AT32";"A";"2010";2709;NA;NA
"V11210";"F";"AT32";"A";"2009";2577;NA;NA
"V11210";"F";"AT32";"A";"2008";2578;NA;NA
"V11210";"F";"AT33";"A";"2013";4060;NA;NA
"V11210";"F";"AT33";"A";"2012";3859;NA;NA
"V11210";"F";"AT33";"A";"2011";3694;NA;NA
"V11210";"F";"AT33";"A";"2010";3633;NA;NA
"V11210";"F";"AT33";"A";"2009";3497;NA;NA
"V11210";"F";"AT33";"A";"2008";3502;NA;NA
"V11210";"F";"AT34";"A";"2013";1923;NA;NA
"V11210";"F";"AT34";"A";"2012";1817;NA;NA
"V11210";"F";"AT34";"A";"2011";1798;NA;NA
"V11210";"F";"AT34";"A";"2010";1771;NA;NA
"V11210";"F";"AT34";"A";"2009";1716;NA;NA
"V11210";"F";"AT34";"A";"2008";1737;NA;NA
"V11210";"F";"DE2";"A";"2013";39688;NA;NA
"V11210";"F";"DE2";"A";"2012";39992;NA;NA
"V11210";"F";"DE2";"A";"2011";37167;NA;NA
"V11210";"F";"DE2";"A";"2010";37931;NA;NA
"V11210";"F";"DE2";"A";"2009";38140;NA;NA
"V11210";"F";"DE2";"A";"2008";2291;"i";NA
"V11210";"F";"IT";"A";"2013";550357;NA;NA
"V11210";"F";"IT";"A";"2012";572922;NA;NA
"V11210";"F";"IT";"A";"2011";658262;NA;NA
"V11210";"F";"IT";"A";"2010";17236;NA;NA
"V11210";"F";"IT";"A";"2009";48553;NA;NA
"V11210";"F";"IT";"A";"2008";NA;NA;"na"
"V11210";"F";"ITC4";"A";"2013";101769;NA;NA
"V11210";"F";"ITC4";"A";"2012";106587;NA;NA
"V11210";"F";"ITC4";"A";"2011";123235;NA;NA
"V11210";"F";"ITC4";"A";"2010";NA;NA;"na"
"V11210";"F";"ITC4";"A";"2009";NA;NA;"na"
"V11210";"F";"ITC4";"A";"2008";NA;NA;"na"
"V11210";"F";"ITH";"A";"2013";126155;NA;NA
"V11210";"F";"ITH";"A";"2012";131390;NA;NA
"V11210";"F";"ITH";"A";"2011";145697;NA;NA
"V11210";"F";"ITH";"A";"2010";NA;NA;"na"
"V11210";"F";"ITH";"A";"2009";NA;NA;"na"
"V11210";"F";"ITH";"A";"2008";NA;NA;"na"
"V11210";"F";"ITH1";"A";"2013";5570;NA;NA
"V11210";"F";"ITH1";"A";"2012";5593;NA;NA
"V11210";"F";"ITH1";"A";"2011";7086;NA;NA
"V11210";"F";"ITH1";"A";"2010";NA;NA;"na"
"V11210";"F";"ITH1";"A";"2009";NA;NA;"na"
"V11210";"F";"ITH1";"A";"2008";NA;NA;"na"
"V11210";"F";"ITH2";"A";"2013";6309;NA;NA
"V11210";"F";"ITH2";"A";"2012";6534;NA;NA
"V11210";"F";"ITH2";"A";"2011";7044;NA;NA
"V11210";"F";"ITH2";"A";"2010";NA;NA;"na"
"V11210";"F";"ITH2";"A";"2009";NA;NA;"na"
"V11210";"F";"ITH2";"A";"2008";NA;NA;"na"
"V11210";"F";"ITH3";"A";"2013";53053;NA;NA
"V11210";"F";"ITH3";"A";"2012";55857;NA;NA
"V11210";"F";"ITH3";"A";"2011";60549;NA;NA
"V11210";"F";"ITH3";"A";"2010";NA;NA;"na"
"V11210";"F";"ITH3";"A";"2009";NA;NA;"na"
"V11210";"F";"ITH3";"A";"2008";NA;NA;"na"
"V11210";"G";"AT32";"A";"2013";8352;NA;NA
"V11210";"G";"AT32";"A";"2012";8049;NA;NA
"V11210";"G";"AT32";"A";"2011";7978;NA;NA
"V11210";"G";"AT32";"A";"2010";7991;NA;NA
"V11210";"G";"AT32";"A";"2009";7880;NA;NA
"V11210";"G";"AT32";"A";"2008";7974;NA;NA
"V11210";"G";"AT33";"A";"2013";10113;NA;NA
"V11210";"G";"AT33";"A";"2012";9863;NA;NA
"V11210";"G";"AT33";"A";"2011";9672;NA;NA
"V11210";"G";"AT33";"A";"2010";9631;NA;NA
"V11210";"G";"AT33";"A";"2009";9415;NA;NA
"V11210";"G";"AT33";"A";"2008";9620;NA;NA
"V11210";"G";"AT34";"A";"2013";4675;NA;NA
"V11210";"G";"AT34";"A";"2012";4518;NA;NA
"V11210";"G";"AT34";"A";"2011";4462;NA;NA
"V11210";"G";"AT34";"A";"2010";4432;NA;NA
"V11210";"G";"AT34";"A";"2009";4333;NA;NA
"V11210";"G";"AT34";"A";"2008";4458;NA;NA
"V11210";"G";"DE2";"A";"2013";NA;NA;"na"
"V11210";"G";"DE2";"A";"2012";NA;NA;"na"
"V11210";"G";"DE2";"A";"2011";NA;NA;"na"
"V11210";"G";"DE2";"A";"2010";NA;NA;"na"
"V11210";"G";"DE2";"A";"2009";NA;NA;"na"
"V11210";"G";"DE2";"A";"2008";NA;NA;"na"
"V11210";"G";"IT";"A";"2013";1157044;NA;NA
"V11210";"G";"IT";"A";"2012";1166475;NA;NA
"V11210";"G";"IT";"A";"2011";1355041;NA;NA
"V11210";"G";"IT";"A";"2010";39359;NA;NA
"V11210";"G";"IT";"A";"2009";1433467;NA;NA
"V11210";"G";"IT";"A";"2008";1412722;NA;NA
"V11210";"G";"ITC4";"A";"2013";171537;NA;NA
"V11210";"G";"ITC4";"A";"2012";172955;NA;NA
"V11210";"G";"ITC4";"A";"2011";200843;NA;NA
"V11210";"G";"ITC4";"A";"2010";203591;NA;NA
"V11210";"G";"ITC4";"A";"2009";204616;NA;NA
"V11210";"G";"ITC4";"A";"2008";203381;NA;NA
"V11210";"G";"ITH";"A";"2013";218601;NA;NA
"V11210";"G";"ITH";"A";"2012";221133;NA;NA
"V11210";"G";"ITH";"A";"2011";255125;NA;NA
"V11210";"G";"ITH";"A";"2010";NA;NA;"na"
"V11210";"G";"ITH";"A";"2009";NA;NA;"na"
"V11210";"G";"ITH";"A";"2008";NA;NA;"na"
"V11210";"G";"ITH1";"A";"2013";8384;NA;NA
"V11210";"G";"ITH1";"A";"2012";8517;NA;NA
"V11210";"G";"ITH1";"A";"2011";10417;NA;NA
"V11210";"G";"ITH1";"A";"2010";NA;NA;"na"
"V11210";"G";"ITH1";"A";"2009";NA;NA;"na"
"V11210";"G";"ITH1";"A";"2008";NA;NA;"na"
"V11210";"G";"ITH2";"A";"2013";8278;NA;NA
"V11210";"G";"ITH2";"A";"2012";8332;NA;NA
"V11210";"G";"ITH2";"A";"2011";9891;NA;NA
"V11210";"G";"ITH2";"A";"2010";NA;NA;"na"
"V11210";"G";"ITH2";"A";"2009";NA;NA;"na"
"V11210";"G";"ITH2";"A";"2008";NA;NA;"na"
"V11210";"G";"ITH3";"A";"2013";95535;NA;NA
"V11210";"G";"ITH3";"A";"2012";96523;NA;NA
"V11210";"G";"ITH3";"A";"2011";111633;NA;NA
"V11210";"G";"ITH3";"A";"2010";NA;NA;"na"
"V11210";"G";"ITH3";"A";"2009";NA;NA;"na"
"V11210";"G";"ITH3";"A";"2008";NA;NA;"na"
"V11210";"H";"AT32";"A";"2013";2031;NA;NA
"V11210";"H";"AT32";"A";"2012";1957;NA;NA
"V11210";"H";"AT32";"A";"2011";1924;NA;NA
"V11210";"H";"AT32";"A";"2010";1897;NA;NA
"V11210";"H";"AT32";"A";"2009";1913;NA;NA
"V11210";"H";"AT32";"A";"2008";1945;NA;NA
"V11210";"H";"AT33";"A";"2013";2286;NA;NA
"V11210";"H";"AT33";"A";"2012";2122;NA;NA
"V11210";"H";"AT33";"A";"2011";2103;NA;NA
"V11210";"H";"AT33";"A";"2010";2107;NA;NA
"V11210";"H";"AT33";"A";"2009";2106;NA;NA
"V11210";"H";"AT33";"A";"2008";2198;NA;NA
"V11210";"H";"AT34";"A";"2013";742;NA;NA
"V11210";"H";"AT34";"A";"2012";704;NA;NA
"V11210";"H";"AT34";"A";"2011";710;NA;NA
"V11210";"H";"AT34";"A";"2010";726;NA;NA
"V11210";"H";"AT34";"A";"2009";730;NA;NA
"V11210";"H";"AT34";"A";"2008";753;NA;NA
"V11210";"H";"DE2";"A";"2013";17060;NA;NA
"V11210";"H";"DE2";"A";"2012";16296;NA;NA
"V11210";"H";"DE2";"A";"2011";15567;NA;NA
"V11210";"H";"DE2";"A";"2010";14433;NA;NA
"V11210";"H";"DE2";"A";"2009";14744;NA;NA
"V11210";"H";"DE2";"A";"2008";17141;NA;NA
"V11210";"H";"IT";"A";"2013";130808;NA;NA
"V11210";"H";"IT";"A";"2012";132682;NA;NA
"V11210";"H";"IT";"A";"2011";149428;NA;NA
"V11210";"H";"IT";"A";"2010";150487;NA;NA
"V11210";"H";"IT";"A";"2009";163778;NA;NA
"V11210";"H";"IT";"A";"2008";162755;NA;NA
"V11210";"H";"ITC4";"A";"2013";23808;NA;NA
"V11210";"H";"ITC4";"A";"2012";24209;NA;NA
"V11210";"H";"ITC4";"A";"2011";26556;NA;NA
"V11210";"H";"ITC4";"A";"2010";26061;NA;NA
"V11210";"H";"ITC4";"A";"2009";35758;NA;NA
"V11210";"H";"ITC4";"A";"2008";30385;NA;NA
"V11210";"H";"ITH";"A";"2013";31658;NA;NA
"V11210";"H";"ITH";"A";"2012";32424;NA;NA
"V11210";"H";"ITH";"A";"2011";35432;NA;NA
"V11210";"H";"ITH";"A";"2010";NA;NA;"na"
"V11210";"H";"ITH";"A";"2009";NA;NA;"na"
"V11210";"H";"ITH";"A";"2008";NA;NA;"na"
"V11210";"H";"ITH1";"A";"2013";1450;NA;NA
"V11210";"H";"ITH1";"A";"2012";1459;NA;NA
"V11210";"H";"ITH1";"A";"2011";1624;NA;NA
"V11210";"H";"ITH1";"A";"2010";NA;NA;"na"
"V11210";"H";"ITH1";"A";"2009";NA;NA;"na"
"V11210";"H";"ITH1";"A";"2008";NA;NA;"na"
"V11210";"H";"ITH2";"A";"2013";1181;NA;NA
"V11210";"H";"ITH2";"A";"2012";1200;NA;NA
"V11210";"H";"ITH2";"A";"2011";1476;NA;NA
"V11210";"H";"ITH2";"A";"2010";NA;NA;"na"
"V11210";"H";"ITH2";"A";"2009";NA;NA;"na"
"V11210";"H";"ITH2";"A";"2008";NA;NA;"na"
"V11210";"H";"ITH3";"A";"2013";12585;NA;NA
"V11210";"H";"ITH3";"A";"2012";12908;NA;NA
"V11210";"H";"ITH3";"A";"2011";14424;NA;NA
"V11210";"H";"ITH3";"A";"2010";NA;NA;"na"
"V11210";"H";"ITH3";"A";"2009";NA;NA;"na"
"V11210";"H";"ITH3";"A";"2008";NA;NA;"na"
"V11210";"I";"AT32";"A";"2013";6110;NA;NA
"V11210";"I";"AT32";"A";"2012";5748;NA;NA
"V11210";"I";"AT32";"A";"2011";5525;NA;NA
"V11210";"I";"AT32";"A";"2010";5556;NA;NA
"V11210";"I";"AT32";"A";"2009";5525;NA;NA
"V11210";"I";"AT32";"A";"2008";5552;NA;NA
"V11210";"I";"AT33";"A";"2013";10655;NA;NA
"V11210";"I";"AT33";"A";"2012";10131;NA;NA
"V11210";"I";"AT33";"A";"2011";9499;NA;NA
"V11210";"I";"AT33";"A";"2010";9521;NA;NA
"V11210";"I";"AT33";"A";"2009";9325;NA;NA
"V11210";"I";"AT33";"A";"2008";9364;NA;NA
"V11210";"I";"AT34";"A";"2013";2527;NA;NA
"V11210";"I";"AT34";"A";"2012";2387;NA;NA
"V11210";"I";"AT34";"A";"2011";2351;NA;NA
"V11210";"I";"AT34";"A";"2010";2361;NA;NA
"V11210";"I";"AT34";"A";"2009";2353;NA;NA
"V11210";"I";"AT34";"A";"2008";2380;NA;NA
"V11210";"I";"DE2";"A";"2013";NA;NA;"na"
"V11210";"I";"DE2";"A";"2012";NA;NA;"na"
"V11210";"I";"DE2";"A";"2011";NA;NA;"na"
"V11210";"I";"DE2";"A";"2010";NA;NA;"na"
"V11210";"I";"DE2";"A";"2009";NA;NA;"na"
"V11210";"I";"DE2";"A";"2008";NA;NA;"na"
"V11210";"I";"IT";"A";"2013";313794;NA;NA
"V11210";"I";"IT";"A";"2012";308468;NA;NA
"V11210";"I";"IT";"A";"2011";347446;NA;NA
"V11210";"I";"IT";"A";"2010";322132;NA;NA
"V11210";"I";"IT";"A";"2009";336619;NA;NA
"V11210";"I";"IT";"A";"2008";332687;NA;NA
"V11210";"I";"ITC4";"A";"2013";44461;NA;NA
"V11210";"I";"ITC4";"A";"2012";43829;NA;NA
"V11210";"I";"ITC4";"A";"2011";55467;NA;NA
"V11210";"I";"ITC4";"A";"2010";45445;NA;NA
"V11210";"I";"ITC4";"A";"2009";44507;NA;NA
"V11210";"I";"ITC4";"A";"2008";46535;NA;NA
"V11210";"I";"ITH";"A";"2013";72213;NA;NA
"V11210";"I";"ITH";"A";"2012";71846;NA;NA
"V11210";"I";"ITH";"A";"2011";78499;NA;NA
"V11210";"I";"ITH";"A";"2010";NA;NA;"na"
"V11210";"I";"ITH";"A";"2009";NA;NA;"na"
"V11210";"I";"ITH";"A";"2008";NA;NA;"na"
"V11210";"I";"ITH1";"A";"2013";8462;NA;NA
"V11210";"I";"ITH1";"A";"2012";8509;NA;NA
"V11210";"I";"ITH1";"A";"2011";8572;NA;NA
"V11210";"I";"ITH1";"A";"2010";NA;NA;"na"
"V11210";"I";"ITH1";"A";"2009";NA;NA;"na"
"V11210";"I";"ITH1";"A";"2008";NA;NA;"na"
"V11210";"I";"ITH2";"A";"2013";4398;NA;NA
"V11210";"I";"ITH2";"A";"2012";4331;NA;NA
"V11210";"I";"ITH2";"A";"2011";4818;NA;NA
"V11210";"I";"ITH2";"A";"2010";NA;NA;"na"
"V11210";"I";"ITH2";"A";"2009";NA;NA;"na"
"V11210";"I";"ITH2";"A";"2008";NA;NA;"na"
"V11210";"I";"ITH3";"A";"2013";26502;NA;NA
"V11210";"I";"ITH3";"A";"2012";26486;NA;NA
"V11210";"I";"ITH3";"A";"2011";27806;NA;NA
"V11210";"I";"ITH3";"A";"2010";NA;NA;"na"
"V11210";"I";"ITH3";"A";"2009";NA;NA;"na"
"V11210";"I";"ITH3";"A";"2008";NA;NA;"na"
"V11210";"J";"AT32";"A";"2013";1058;NA;NA
"V11210";"J";"AT32";"A";"2012";1028;NA;NA
"V11210";"J";"AT32";"A";"2011";1010;NA;NA
"V11210";"J";"AT32";"A";"2010";990;NA;NA
"V11210";"J";"AT32";"A";"2009";943;NA;NA
"V11210";"J";"AT32";"A";"2008";950;NA;NA
"V11210";"J";"AT33";"A";"2013";1226;NA;NA
"V11210";"J";"AT33";"A";"2012";1190;NA;NA
"V11210";"J";"AT33";"A";"2011";1187;NA;NA
"V11210";"J";"AT33";"A";"2010";1149;NA;NA
"V11210";"J";"AT33";"A";"2009";1065;NA;NA
"V11210";"J";"AT33";"A";"2008";1085;NA;NA
"V11210";"J";"AT34";"A";"2013";614;NA;NA
"V11210";"J";"AT34";"A";"2012";593;NA;NA
"V11210";"J";"AT34";"A";"2011";602;NA;NA
"V11210";"J";"AT34";"A";"2010";560;NA;NA
"V11210";"J";"AT34";"A";"2009";510;NA;NA
"V11210";"J";"AT34";"A";"2008";526;NA;NA
"V11210";"J";"DE2";"A";"2013";22666;NA;NA
"V11210";"J";"DE2";"A";"2012";21542;NA;NA
"V11210";"J";"DE2";"A";"2011";19474;NA;NA
"V11210";"J";"DE2";"A";"2010";18231;NA;NA
"V11210";"J";"DE2";"A";"2009";17767;NA;NA
"V11210";"J";"DE2";"A";"2008";19609;NA;NA
"V11210";"J";"IT";"A";"2013";97020;NA;NA
"V11210";"J";"IT";"A";"2012";98244;NA;NA
"V11210";"J";"IT";"A";"2011";110769;NA;NA
"V11210";"J";"IT";"A";"2010";111548;NA;NA
"V11210";"J";"IT";"A";"2009";114773;NA;NA
"V11210";"J";"IT";"A";"2008";116368;NA;NA
"V11210";"J";"ITC4";"A";"2013";23617;NA;NA
"V11210";"J";"ITC4";"A";"2012";24057;NA;NA
"V11210";"J";"ITC4";"A";"2011";28276;NA;NA
"V11210";"J";"ITC4";"A";"2010";26600;NA;NA
"V11210";"J";"ITC4";"A";"2009";27479;NA;NA
"V11210";"J";"ITC4";"A";"2008";27921;NA;NA
"V11210";"J";"ITH";"A";"2013";20180;NA;NA
"V11210";"J";"ITH";"A";"2012";20373;NA;NA
"V11210";"J";"ITH";"A";"2011";23193;NA;NA
"V11210";"J";"ITH";"A";"2010";NA;NA;"na"
"V11210";"J";"ITH";"A";"2009";NA;NA;"na"
"V11210";"J";"ITH";"A";"2008";NA;NA;"na"
"V11210";"J";"ITH1";"A";"2013";928;NA;NA
"V11210";"J";"ITH1";"A";"2012";955;NA;NA
"V11210";"J";"ITH1";"A";"2011";1067;NA;NA
"V11210";"J";"ITH1";"A";"2010";NA;NA;"na"
"V11210";"J";"ITH1";"A";"2009";NA;NA;"na"
"V11210";"J";"ITH1";"A";"2008";NA;NA;"na"
"V11210";"J";"ITH2";"A";"2013";991;NA;NA
"V11210";"J";"ITH2";"A";"2012";972;NA;NA
"V11210";"J";"ITH2";"A";"2011";1063;NA;NA
"V11210";"J";"ITH2";"A";"2010";NA;NA;"na"
"V11210";"J";"ITH2";"A";"2009";NA;NA;"na"
"V11210";"J";"ITH2";"A";"2008";NA;NA;"na"
"V11210";"J";"ITH3";"A";"2013";8177;NA;NA
"V11210";"J";"ITH3";"A";"2012";8219;NA;NA
"V11210";"J";"ITH3";"A";"2011";9467;NA;NA
"V11210";"J";"ITH3";"A";"2010";NA;NA;"na"
"V11210";"J";"ITH3";"A";"2009";NA;NA;"na"
"V11210";"J";"ITH3";"A";"2008";NA;NA;"na"
"V11210";"L";"AT32";"A";"2013";1878;NA;NA
"V11210";"L";"AT32";"A";"2012";1611;NA;NA
"V11210";"L";"AT32";"A";"2011";1514;NA;NA
"V11210";"L";"AT32";"A";"2010";1439;NA;NA
"V11210";"L";"AT32";"A";"2009";1313;NA;NA
"V11210";"L";"AT32";"A";"2008";1282;NA;NA
"V11210";"L";"AT33";"A";"2013";2027;NA;NA
"V11210";"L";"AT33";"A";"2012";1785;NA;NA
"V11210";"L";"AT33";"A";"2011";1639;NA;NA
"V11210";"L";"AT33";"A";"2010";1570;NA;NA
"V11210";"L";"AT33";"A";"2009";1431;NA;NA
"V11210";"L";"AT33";"A";"2008";1449;NA;NA
"V11210";"L";"AT34";"A";"2013";1067;NA;NA
"V11210";"L";"AT34";"A";"2012";914;NA;NA
"V11210";"L";"AT34";"A";"2011";856;NA;NA
"V11210";"L";"AT34";"A";"2010";823;NA;NA
"V11210";"L";"AT34";"A";"2009";761;NA;NA
"V11210";"L";"AT34";"A";"2008";754;NA;NA
"V11210";"L";"DE2";"A";"2013";39936;NA;NA
"V11210";"L";"DE2";"A";"2012";38431;NA;NA
"V11210";"L";"DE2";"A";"2011";38070;NA;NA
"V11210";"L";"DE2";"A";"2010";22187;NA;NA
"V11210";"L";"DE2";"A";"2009";18816;NA;NA
"V11210";"L";"DE2";"A";"2008";31093;NA;NA
"V11210";"L";"IT";"A";"2013";243596;NA;NA
"V11210";"L";"IT";"A";"2012";235470;NA;NA
"V11210";"L";"IT";"A";"2011";307895;NA;NA
"V11210";"L";"IT";"A";"2010";271825;NA;NA
"V11210";"L";"IT";"A";"2009";271855;NA;NA
"V11210";"L";"IT";"A";"2008";235671;NA;NA
"V11210";"L";"ITC4";"A";"2013";62567;NA;NA
"V11210";"L";"ITC4";"A";"2012";60820;NA;NA
"V11210";"L";"ITC4";"A";"2011";86418;NA;NA
"V11210";"L";"ITC4";"A";"2010";65259;NA;NA
"V11210";"L";"ITC4";"A";"2009";72451;NA;NA
"V11210";"L";"ITC4";"A";"2008";63831;NA;NA
"V11210";"L";"ITH";"A";"2013";69181;NA;NA
"V11210";"L";"ITH";"A";"2012";67141;NA;NA
"V11210";"L";"ITH";"A";"2011";91430;NA;NA
"V11210";"L";"ITH";"A";"2010";NA;NA;"na"
"V11210";"L";"ITH";"A";"2009";NA;NA;"na"
"V11210";"L";"ITH";"A";"2008";NA;NA;"na"
"V11210";"L";"ITH1";"A";"2013";2570;NA;NA
"V11210";"L";"ITH1";"A";"2012";2429;NA;NA
"V11210";"L";"ITH1";"A";"2011";2888;NA;NA
"V11210";"L";"ITH1";"A";"2010";NA;NA;"na"
"V11210";"L";"ITH1";"A";"2009";NA;NA;"na"
"V11210";"L";"ITH1";"A";"2008";NA;NA;"na"
"V11210";"L";"ITH2";"A";"2013";2747;NA;NA
"V11210";"L";"ITH2";"A";"2012";2646;NA;NA
"V11210";"L";"ITH2";"A";"2011";2924;NA;NA
"V11210";"L";"ITH2";"A";"2010";NA;NA;"na"
"V11210";"L";"ITH2";"A";"2009";NA;NA;"na"
"V11210";"L";"ITH2";"A";"2008";NA;NA;"na"
"V11210";"L";"ITH3";"A";"2013";30579;NA;NA
"V11210";"L";"ITH3";"A";"2012";29715;NA;NA
"V11210";"L";"ITH3";"A";"2011";47467;NA;NA
"V11210";"L";"ITH3";"A";"2010";NA;NA;"na"
"V11210";"L";"ITH3";"A";"2009";NA;NA;"na"
"V11210";"L";"ITH3";"A";"2008";NA;NA;"na"
"V11210";"M";"AT32";"A";"2013";4853;NA;NA
"V11210";"M";"AT32";"A";"2012";4645;NA;NA
"V11210";"M";"AT32";"A";"2011";4501;NA;NA
"V11210";"M";"AT32";"A";"2010";4421;NA;NA
"V11210";"M";"AT32";"A";"2009";4168;NA;NA
"V11210";"M";"AT32";"A";"2008";4039;NA;NA
"V11210";"M";"AT33";"A";"2013";5710;NA;NA
"V11210";"M";"AT33";"A";"2012";5475;NA;NA
"V11210";"M";"AT33";"A";"2011";5312;NA;NA
"V11210";"M";"AT33";"A";"2010";5248;NA;NA
"V11210";"M";"AT33";"A";"2009";4915;NA;NA
"V11210";"M";"AT33";"A";"2008";4832;NA;NA
"V11210";"M";"AT34";"A";"2013";2689;NA;NA
"V11210";"M";"AT34";"A";"2012";2536;NA;NA
"V11210";"M";"AT34";"A";"2011";2513;NA;NA
"V11210";"M";"AT34";"A";"2010";2472;NA;NA
"V11210";"M";"AT34";"A";"2009";2366;NA;NA
"V11210";"M";"AT34";"A";"2008";2363;NA;NA
"V11210";"M";"DE2";"A";"2013";78774;NA;NA
"V11210";"M";"DE2";"A";"2012";73893;NA;NA
"V11210";"M";"DE2";"A";"2011";70881;NA;NA
"V11210";"M";"DE2";"A";"2010";57327;NA;NA
"V11210";"M";"DE2";"A";"2009";53711;NA;NA
"V11210";"M";"DE2";"A";"2008";58649;NA;NA
"V11210";"M";"IT";"A";"2013";692370;NA;NA
"V11210";"M";"IT";"A";"2012";710689;NA;NA
"V11210";"M";"IT";"A";"2011";732414;NA;NA
"V11210";"M";"IT";"A";"2010";757115;NA;NA
"V11210";"M";"IT";"A";"2009";867575;NA;NA
"V11210";"M";"IT";"A";"2008";738312;NA;NA
"V11210";"M";"ITC4";"A";"2013";139906;NA;NA
"V11210";"M";"ITC4";"A";"2012";143764;NA;NA
"V11210";"M";"ITC4";"A";"2011";146769;NA;NA
"V11210";"M";"ITC4";"A";"2010";148137;NA;NA
"V11210";"M";"ITC4";"A";"2009";228583;NA;NA
"V11210";"M";"ITC4";"A";"2008";149283;NA;NA
"V11210";"M";"ITH";"A";"2013";140277;NA;NA
"V11210";"M";"ITH";"A";"2012";143593;NA;NA
"V11210";"M";"ITH";"A";"2011";147729;NA;NA
"V11210";"M";"ITH";"A";"2010";NA;NA;"na"
"V11210";"M";"ITH";"A";"2009";NA;NA;"na"
"V11210";"M";"ITH";"A";"2008";NA;NA;"na"
"V11210";"M";"ITH1";"A";"2013";5745;NA;NA
"V11210";"M";"ITH1";"A";"2012";5773;NA;NA
"V11210";"M";"ITH1";"A";"2011";5880;NA;NA
"V11210";"M";"ITH1";"A";"2010";NA;NA;"na"
"V11210";"M";"ITH1";"A";"2009";NA;NA;"na"
"V11210";"M";"ITH1";"A";"2008";NA;NA;"na"
"V11210";"M";"ITH2";"A";"2013";6162;NA;NA
"V11210";"M";"ITH2";"A";"2012";6295;NA;NA
"V11210";"M";"ITH2";"A";"2011";6609;NA;NA
"V11210";"M";"ITH2";"A";"2010";NA;NA;"na"
"V11210";"M";"ITH2";"A";"2009";NA;NA;"na"
"V11210";"M";"ITH2";"A";"2008";NA;NA;"na"
"V11210";"M";"ITH3";"A";"2013";57472;NA;NA
"V11210";"M";"ITH3";"A";"2012";58987;NA;NA
"V11210";"M";"ITH3";"A";"2011";61099;NA;NA
"V11210";"M";"ITH3";"A";"2010";NA;NA;"na"
"V11210";"M";"ITH3";"A";"2009";NA;NA;"na"
"V11210";"M";"ITH3";"A";"2008";NA;NA;"na"
"V11210";"N";"AT32";"A";"2013";1446;NA;NA
"V11210";"N";"AT32";"A";"2012";1356;NA;NA
"V11210";"N";"AT32";"A";"2011";1283;NA;NA
"V11210";"N";"AT32";"A";"2010";1300;NA;NA
"V11210";"N";"AT32";"A";"2009";1274;NA;NA
"V11210";"N";"AT32";"A";"2008";1279;NA;NA
"V11210";"N";"AT33";"A";"2013";1690;NA;NA
"V11210";"N";"AT33";"A";"2012";1570;NA;NA
"V11210";"N";"AT33";"A";"2011";1527;NA;NA
"V11210";"N";"AT33";"A";"2010";1543;NA;NA
"V11210";"N";"AT33";"A";"2009";1446;NA;NA
"V11210";"N";"AT33";"A";"2008";1456;NA;NA
"V11210";"N";"AT34";"A";"2013";754;NA;NA
"V11210";"N";"AT34";"A";"2012";581;NA;NA
"V11210";"N";"AT34";"A";"2011";570;NA;NA
"V11210";"N";"AT34";"A";"2010";565;NA;NA
"V11210";"N";"AT34";"A";"2009";542;NA;NA
"V11210";"N";"AT34";"A";"2008";529;NA;NA
"V11210";"N";"DE2";"A";"2013";27807;NA;NA
"V11210";"N";"DE2";"A";"2012";25204;NA;NA
"V11210";"N";"DE2";"A";"2011";22980;NA;NA
"V11210";"N";"DE2";"A";"2010";20998;NA;NA
"V11210";"N";"DE2";"A";"2009";19615;NA;NA
"V11210";"N";"DE2";"A";"2008";19573;NA;NA
"V11210";"N";"IT";"A";"2013";140932;NA;NA
"V11210";"N";"IT";"A";"2012";145350;NA;NA
"V11210";"N";"IT";"A";"2011";178227;NA;NA
"V11210";"N";"IT";"A";"2010";175589;NA;NA
"V11210";"N";"IT";"A";"2009";195682;NA;NA
"V11210";"N";"IT";"A";"2008";183379;NA;NA
"V11210";"N";"ITC4";"A";"2013";30693;NA;NA
"V11210";"N";"ITC4";"A";"2012";31796;NA;NA
"V11210";"N";"ITC4";"A";"2011";41156;NA;NA
"V11210";"N";"ITC4";"A";"2010";38953;NA;NA
"V11210";"N";"ITC4";"A";"2009";37780;NA;NA
"V11210";"N";"ITC4";"A";"2008";40409;NA;NA
"V11210";"N";"ITH";"A";"2013";26406;NA;NA
"V11210";"N";"ITH";"A";"2012";27558;NA;NA
"V11210";"N";"ITH";"A";"2011";32818;NA;NA
"V11210";"N";"ITH";"A";"2010";NA;NA;"na"
"V11210";"N";"ITH";"A";"2009";NA;NA;"na"
"V11210";"N";"ITH";"A";"2008";NA;NA;"na"
"V11210";"N";"ITH1";"A";"2013";1119;NA;NA
"V11210";"N";"ITH1";"A";"2012";1185;NA;NA
"V11210";"N";"ITH1";"A";"2011";1294;NA;NA
"V11210";"N";"ITH1";"A";"2010";NA;NA;"na"
"V11210";"N";"ITH1";"A";"2009";NA;NA;"na"
"V11210";"N";"ITH1";"A";"2008";NA;NA;"na"
"V11210";"N";"ITH2";"A";"2013";1120;NA;NA
"V11210";"N";"ITH2";"A";"2012";1130;NA;NA
"V11210";"N";"ITH2";"A";"2011";1459;NA;NA
"V11210";"N";"ITH2";"A";"2010";NA;NA;"na"
"V11210";"N";"ITH2";"A";"2009";NA;NA;"na"
"V11210";"N";"ITH2";"A";"2008";NA;NA;"na"
"V11210";"N";"ITH3";"A";"2013";10963;NA;NA
"V11210";"N";"ITH3";"A";"2012";11410;NA;NA
"V11210";"N";"ITH3";"A";"2011";14044;NA;NA
"V11210";"N";"ITH3";"A";"2010";NA;NA;"na"
"V11210";"N";"ITH3";"A";"2009";NA;NA;"na"
"V11210";"N";"ITH3";"A";"2008";NA;NA;"na"
"V11210";"S95";"AT32";"A";"2013";108;NA;NA
"V11210";"S95";"AT32";"A";"2012";106;NA;NA
"V11210";"S95";"AT32";"A";"2011";107;NA;NA
"V11210";"S95";"AT32";"A";"2010";113;NA;NA
"V11210";"S95";"AT32";"A";"2009";109;NA;NA
"V11210";"S95";"AT32";"A";"2008";107;NA;NA
"V11210";"S95";"AT33";"A";"2013";142;NA;NA
"V11210";"S95";"AT33";"A";"2012";147;NA;NA
"V11210";"S95";"AT33";"A";"2011";146;NA;NA
"V11210";"S95";"AT33";"A";"2010";147;NA;NA
"V11210";"S95";"AT33";"A";"2009";137;NA;NA
"V11210";"S95";"AT33";"A";"2008";133;NA;NA
"V11210";"S95";"AT34";"A";"2013";68;NA;NA
"V11210";"S95";"AT34";"A";"2012";68;NA;NA
"V11210";"S95";"AT34";"A";"2011";70;NA;NA
"V11210";"S95";"AT34";"A";"2010";71;NA;NA
"V11210";"S95";"AT34";"A";"2009";72;NA;NA
"V11210";"S95";"AT34";"A";"2008";77;NA;NA
"V11210";"S95";"DE2";"A";"2013";1568;NA;NA
"V11210";"S95";"DE2";"A";"2012";1552;NA;NA
"V11210";"S95";"DE2";"A";"2011";1491;NA;NA
"V11210";"S95";"DE2";"A";"2010";1830;NA;NA
"V11210";"S95";"DE2";"A";"2009";1710;NA;NA
"V11210";"S95";"DE2";"A";"2008";1664;NA;NA
"V11210";"S95";"IT";"A";"2013";24726;NA;NA
"V11210";"S95";"IT";"A";"2012";25882;NA;NA
"V11210";"S95";"IT";"A";"2011";28391;NA;NA
"V11210";"S95";"IT";"A";"2010";30145;NA;NA
"V11210";"S95";"IT";"A";"2009";35599;NA;NA
"V11210";"S95";"IT";"A";"2008";32300;NA;NA
"V11210";"S95";"ITC4";"A";"2013";4572;NA;NA
"V11210";"S95";"ITC4";"A";"2012";4755;NA;NA
"V11210";"S95";"ITC4";"A";"2011";5064;NA;NA
"V11210";"S95";"ITC4";"A";"2010";5468;NA;NA
"V11210";"S95";"ITC4";"A";"2009";6278;NA;NA
"V11210";"S95";"ITC4";"A";"2008";6070;NA;NA
"V11210";"S95";"ITH";"A";"2013";5249;NA;NA
"V11210";"S95";"ITH";"A";"2012";5492;NA;NA
"V11210";"S95";"ITH";"A";"2011";6272;NA;NA
"V11210";"S95";"ITH";"A";"2010";NA;NA;"na"
"V11210";"S95";"ITH";"A";"2009";NA;NA;"na"
"V11210";"S95";"ITH";"A";"2008";NA;NA;"na"
"V11210";"S95";"ITH1";"A";"2013";207;NA;NA
"V11210";"S95";"ITH1";"A";"2012";205;NA;NA
"V11210";"S95";"ITH1";"A";"2011";208;NA;NA
"V11210";"S95";"ITH1";"A";"2010";NA;NA;"na"
"V11210";"S95";"ITH1";"A";"2009";NA;NA;"na"
"V11210";"S95";"ITH1";"A";"2008";NA;NA;"na"
"V11210";"S95";"ITH2";"A";"2013";161;NA;NA
"V11210";"S95";"ITH2";"A";"2012";184;NA;NA
"V11210";"S95";"ITH2";"A";"2011";236;NA;NA
"V11210";"S95";"ITH2";"A";"2010";NA;NA;"na"
"V11210";"S95";"ITH2";"A";"2009";NA;NA;"na"
"V11210";"S95";"ITH2";"A";"2008";NA;NA;"na"
"V11210";"S95";"ITH3";"A";"2013";2190;NA;NA
"V11210";"S95";"ITH3";"A";"2012";2269;NA;NA
"V11210";"S95";"ITH3";"A";"2011";2699;NA;NA
"V11210";"S95";"ITH3";"A";"2010";NA;NA;"na"
"V11210";"S95";"ITH3";"A";"2009";NA;NA;"na"
"V11210";"S95";"ITH3";"A";"2008";NA;NA;"na"
